,,,IT,,/nGintare,Tolkacioviene,gintare@test.com,Finance,test,/nGintare,Tolkacioviene,g.tolkacioviene@gmail.com,Finance,test,/nGintare,Tolkacioviene,gintare@test.com,Finance,test,/nGintare,Tolkacioviene,gintare@test.com,Finance,test,/nGintare,Tolkacioviene,gintare@test.com,Finance,test,/nGintarė,Tolkačiovienė,g.tolkacioviene@gmail.com,Finance,test,/nGintarė,Tolkačiovienė,g.tolkacioviene@gmail.com,Finance,test,/nGintarė,Tolkačiovienė,g.tolkacioviene@gmail.com,Finance,test,/nGintare,Tolkacioviene,g.tolkacioviene@gmail.com,Finance,test,/nGintare,Tolkacioviene,g.tolkacioviene@gmail.com,Finance,test,/nGintare,Tolkacioviene,g.tolkacioviene@gmail.com,Finance,test,/nJonas,Jonaitis,jonaitis@gmail.com,IT,jono,/nJonas,Jonaitis,jonaitis@gmail.com,IT,jono,/nJonukas,Jonauskas,jonuko@test.com,Marketing,jonukas,/nJonukas,Jonauskas,jonuko@test.com,Marketing,jonukas,/nSimas,Simaitis,simas@test.com,IT,simo,
Simas,Simaitis,simas@test.com,IT,simo,
Simukas,Simukauskas,simukas@test.com,Apps dev,Simaicio,/nSimukas,Simukauskas,simukas@test.com,Apps dev,Simaicio,/nKazys,Kazauskas,kazys@test.com,Finance,Kazio,/nJonas,Jonukas,jonukas@testukas.com,Finance,jonaitis,/nBaranauskas,Baranakauskis,bara@test.com,IT,Baranauskas,/ntestas,testaitis,testas@test.com,IT,testuoju,/nPETRAS,Petraitis,petras@gmail.com,Finance,test,/ntestas,testaitis,testas@test.com,IT,testuoju,/nTitas,Titauskas,titas@test.com,Finance,Tito,/n